onset,duration,description
2016-05-03 09:56:55.270756,2.450800915331797,BAD_
