onset,duration,description
2015-09-15 09:33:48.221968,3.1578947368421098,BAD_
