onset,duration,description
2015-10-07 09:51:06.694508,1.887871853546912,BAD_
