onset,duration,description
2015-06-25 10:31:17.934783,3.8768115942028976,BAD_
