onset,duration,description
2015-11-17 10:52:09.289855,3.6594202898550714,BAD_
